Workbook

Sheet Read Me
B2: FRAUD DETECTION PLATFORM
B3: Notebook 01 — Real Execution Workbook
B4: Prepared by Nandagopal · September 13, 2026 · Version 1.0
B6: Provenance
B7: All figures in this workbook were computed by code actually executed in this session against the real, independently-verified Kaggle European credit-card-fraud dataset (284,807 rows, 492 fraud cases). None are estimated or illustrative unless a cell is explicitly labeled ASSUMPTION.
B9: Color Legend (financial-model convention)
B10: Blue text | C10: Hardcoded input, sourced from a real result file
B11: Black text | C11: Live formula — recalculates if inputs change
B12: Green text | C12: Cross-sheet link
B13: Yellow fill | C13: Key assumption or scenario lever — safe to edit
B14: Red fill | C14: Flagged for investigation / risk
B16: Filters & Interactivity
B17: Every data table in this workbook is a native Excel Table with AutoFilter enabled — click any header's dropdown arrow to filter or sort (Stage A, Stage B folds, Adversarial Robustness, and the consolidated All Metrics sheet). Honest disclosure: openpyxl (the library used to build this file programmatically) cannot create native PivotTable Slicers — that Excel feature requires a PivotCache that only Excel's own UI writes. To add true clickable Slicers, select any table above, go to Insert > PivotTable, then Insert > Slicer on the resulting PivotTable. The AutoFilter dropdowns already in place give equivalent filtering without that extra step.
B19: Sheet Guide
B20: Executive Summary | C20: KPI dashboard, headline real numbers
B21: Dataset & EDA | C21: Real structure, class balance, duplicates decision
B22: Imbalance Comparison | C22: 3 real strategies compared, winner
B23: Stage A Screening | C23: 5 real candidate models, filterable table
B24: Stage B CV | C24: Champion + runner-up real 5-fold CV, live mean/CI formulas
B25: Temporal Validation | C25: CV vs. honest temporal-split PR-AUC
B26: Threshold & Confusion Matrix | C26: Real cost-optimal threshold, confusion matrix, benchmark gap
B27: Financial Impact | C27: Live cost model — edit the yellow assumption cells to re-run scenarios
B28: Governance & Drift | C28: Gate 1/2, PSI drift monitoring
B29: Adversarial Robustness | C29: Real perturbation + boundary-search tests, filterable table
B30: Deployment Latency | C30: Real local API latency measurement
B31: All Metrics | C31: Every metric in one filterable table, for C-suite drill-down

Sheet Executive Summary
B2: EXECUTIVE SUMMARY — REAL RESULTS
B4: Champion Model | D4: CatBoost
B5: Champion CV PR-AUC (5-fold) | D5: ='Stage B CV'!C12 -> 0.84818285
B6: Temporal-Split PR-AUC | D6: ='Temporal Validation'!C6 -> 0.769197
B7: Cost-Optimal Threshold | D7: ='Threshold & Confusion Matrix'!C5 -> 0.044307249
B8: Real Precision (OOF) | D8: ='Threshold & Confusion Matrix'!C9 -> 0.69639794
B9: Real Recall (OOF) | D9: ='Threshold & Confusion Matrix'!C10 -> 0.82520325
B10: Savings vs. No Model | D10: ='Financial Impact'!C23 -> 199450.76
B11: Savings vs. Naive 0.5 | D11: ='Financial Impact'!C24 -> 7413.2682
B13: SMART Suggestions
B14: • Adopt the cost-optimal threshold over the default 0.5 — measured to save an additional real amount (see Financial Impact sheet).
B15: • Investigate the benchmark precision gap flagged True on the Threshold sheet before external sign-off.
B16: • Treat 82.52% real recall as the honest capacity ceiling for adversarial claims, not the in-sample 100% starting baseline.
B17: • Re-measure feature drift (PSI) monthly in production, not as a one-time check.
B18: • Use the runner-up model as a documented low-cost fallback — its CV confidence interval overlaps the champion's.

Sheet Dataset & EDA
B2: DATASET STRUCTURE (REAL, VERIFIED)
B4: Property | C4: Value
B5: Rows | C5: 284807
B6: Columns | C6: 32
B7: Fraud cases | C7: 492
B8: Fraud rate | C8: 0.0017274856
B9: Duplicate rows (full-row match) | C9: 1081
B10: Duplicate flags — legitimate class | C10: 1822
B11: Duplicate flags — fraud class | C11: 32
B13: Decision: duplicates retained, not dropped — the anonymized V1-V28 features make it impossible to confirm whether apparent duplicates are true repeats or distinct transactions with matching anonymized values. Dropping them risked silently discarding real fraud signal. This is a stated, documented decision.

Sheet Imbalance Comparison
B2: CLASS IMBALANCE STRATEGY COMPARISON (REAL)
B4: Strategy | C4: Mean PR-AUC | D4: Std. Dev.
B5: Class weighting | C5: 0.83267994 | D5: 0.027752649
B6: Threshold moving | C6: 0.84482138 | D6: 0.021792411
B7: SMOTE resampling | C7: 0.82943558 | D7: 0.026831321
B9: Winning strategy (real, highest mean PR-AUC): Threshold Moving

Sheet Stage A Screening
B2: STAGE A — 5 REAL CANDIDATES SCREENED
B4: Rank | C4: Model | D4: Validation PR-AUC | E4: Advances to Stage B?
B5: 1 | C5: CatBoost | D5: 0.87128852 | E5: Yes
B6: 2 | C6: RandomForest | D6: 0.87013985 | E6: Yes
B7: 3 | C7: RandomForest_Balanced | D7: 0.82726766 | E7: No
B8: 4 | C8: XGBoost | D8: 0.78944252 | E8: No
B9: 5 | C9: LightGBM | D9: 0.35836081 | E9: No

Sheet Stage B CV
B2: STAGE B — REAL 5-FOLD STRATIFIED CV
B4: Fold | C4: CatBoost PR-AUC | D4: RandomForest PR-AUC
B5: Fold 1 | C5: 0.83508118 | D5: 0.8249657
B6: Fold 2 | C6: 0.88215895 | D6: 0.8747107
B7: Fold 3 | C7: 0.84999904 | D7: 0.86252878
B8: Fold 4 | C8: 0.83224657 | D8: 0.84488987
B9: Fold 5 | C9: 0.84142849 | D9: 0.81701186
B11: Live Formulas (recompute if fold values above are edited)
B12: Mean PR-AUC | C12: =AVERAGE(C5:C9) -> 0.84818285 | D12: =AVERAGE(D5:D9) -> 0.84482138
B13: Std. Dev. (sample) | C13: =STDEV(C5:C9) -> 0.020179903 | D13: =STDEV(D5:D9) -> 0.024364656
B14: Bootstrap 95% CI — low (real, from notebook) | C14: 0.81619874 | D14: 0.81495165
B15: Bootstrap 95% CI — high (real, from notebook) | C15: 0.8783773 | D15: 0.87385973

Sheet Temporal Validation
B2: TEMPORAL-SPLIT VALIDATION (HONEST, REAL)
B4: Validation Approach | C4: PR-AUC
B5: 5-fold stratified CV (champion, shuffled) | C5: ='Stage B CV'!C12 -> 0.84818285
B6: Temporal split (train early, test late) | C6: 0.769197
B8: Real gap (CV minus temporal) | C8: =C5-C6 -> 0.078985847

Sheet Threshold & Confusion Matrix
B2: COST-OPTIMAL THRESHOLD & CONFUSION MATRIX (REAL)
B4: Metric | C4: Value
B5: Cost-optimal threshold | C5: 0.044307249
B6: Total cost at threshold (EUR) | C6: 65713.591
B7: False-negative cost (EUR) | C7: 61408.721
B8: False-positive cost (EUR) | C8: 4304.8704
B9: Real precision (OOF) | C9: 0.69639794
B10: Real recall (OOF) | C10: 0.82520325
B12: Confusion Matrix
C13: Predicted Legit | D13: Predicted Fraud
B14: Actual Legit | C14: 284138 | D14: 177
B15: Actual Fraud | C15: 86 | D15: 406
B17: External Benchmark Comparison
B18: Metric | C18: This Model | D18: External Reference | E18: Gap
B19: Precision | C19: 0.69639794 | D19: 0.9333 | E19: =C19-D19 -> -0.23690206
B20: Recall | C20: 0.82520325 | D20: 0.7467 | E20: =C20-D20 -> 0.078503252
B22: INVESTIGATE FLAG: True
B23: Large positive gaps may indicate leakage; large negative gaps may indicate a bug — investigate before trusting either.

Sheet Financial Impact
B2: FINANCIAL IMPACT — LIVE COST MODEL
B3: Edit the yellow assumption cells below to re-run all scenarios.
B5: Assumptions
B6: FN cost multiplier ($ cost per $ of missed fraud) | C6: 4.41
B7: FP cost ratio (% of transaction amount) | C7: 0.092
B9: Real Sourced Amounts (from nb_financial_impact.py, real out-of-fold predictions)
B10: Scenario | C10: Sum of FN Amounts (EUR) | D10: Sum of FP Amounts (EUR) | E10: FN Count | F10: FP Count
B11: No model (flag nothing) | C11: 60127.97 | D11: 0 | E11: 492 | F11: 0
B12: Naive 0.5 threshold | C12: 15969.39 | D12: 29367.93 | E12: 103 | F12: 61
B13: Cost-optimal threshold | C13: 13924.88 | D13: 46792.07 | E13: 86 | F13: 177
B16: Live Total Cost by Scenario (formula-driven)
B17: Scenario | C17: Total Cost (EUR) | D17: FN Cost | E17: FP Cost
B18: No model (flag nothing) | C18: =C11*$C$6+D11*$C$7 -> 265164.35 | D18: =C11*$C$6 -> 265164.35 | E18: =D11*$C$7 -> 0
B19: Naive 0.5 threshold | C19: =C12*$C$6+D12*$C$7 -> 73126.859 | D19: =C12*$C$6 -> 70425.01 | E19: =D12*$C$7 -> 2701.8496
B20: Cost-optimal threshold | C20: =C13*$C$6+D13*$C$7 -> 65713.591 | D20: =C13*$C$6 -> 61408.721 | E20: =D13*$C$7 -> 4304.8704
B22: Measured Savings
B23: Savings vs. no-model baseline | C23: =C18-C20 -> 199450.76
B24: Savings vs. naive 0.5 threshold | C24: =C19-C20 -> 7413.2682

Sheet Governance & Drift
B2: GOVERNANCE, DRIFT & GATE VALIDATION (REAL)
B4: Gate 1 — Structural Validation
B5: All 5 structural checks passed | C5: True
B7: Gate 2 — Stress Test (ASSUMPTION-labeled scenario)
B8: Volume multiplier (ASSUMPTION) | C8: 2
B9: Fraud-rate multiplier (ASSUMPTION) | C9: 3
B10: Base real fraud rate | C10: 0.0017274856
B11: Projected fraud rate under scenario | C11: 0.0051824569
B12: Projected transaction count | C12: 569614
B13: Projected fraud loss (EUR) | C13: 260808.08
B15: Feature Drift Monitoring (PSI)
B16: Early-window fraud rate | C16: 0.0018889919
B17: Late-window fraud rate | C17: 0.0015659782
B18: PSI (feature V14, early vs. late) | C18: 0.078311245
B19: Alert threshold (Tier 1) | C19: 0.25
B20: Alert status | C20: =IF(C18<C19,"No alert - within tolerance","ALERT") -> No alert - within tolerance

Sheet Adversarial Robustness
B2: ADVERSARIAL ROBUSTNESS — REAL PERTURBATION TESTS
B4: Perturbation Type | C4: Value | D4: Caught Before | E4: Caught After | F4: Evasion Rate
B5: amount | C5: -0.5 | D5: 492 | E5: 491 | F5: 0.0020325203
B6: amount | C6: -0.3 | D6: 492 | E6: 491 | F6: 0.0020325203
B7: amount | C7: -0.2 | D7: 492 | E7: 491 | F7: 0.0020325203
B8: amount | C8: -0.1 | D8: 492 | E8: 492 | F8: 0
B9: amount | C9: 0.1 | D9: 492 | E9: 492 | F9: 0
B10: amount | C10: 0.2 | D10: 492 | E10: 492 | F10: 0
B11: amount | C11: 0.3 | D11: 492 | E11: 491 | F11: 0.0020325203
B12: amount | C12: 0.5 | D12: 492 | E12: 491 | F12: 0.0020325203
B13: time | C13: -6 | D13: 492 | E13: 492 | F13: 0
B14: time | C14: -3 | D14: 492 | E14: 492 | F14: 0
B15: time | C15: 3 | D15: 492 | E15: 492 | F15: 0
B16: time | C16: 6 | D16: 492 | E16: 492 | F16: 0
B17: time | C17: 12 | D17: 492 | E17: 492 | F17: 0
B20: Greedy Boundary-Search Attack
B21: Cases tested | C21: 492
B22: Evadable within 90% amount-cut budget | C22: 3
B23: Evasion rate | C23: 0.006097561
B24: Median amount change needed (%) | C24: 0.58
B26: Honest caveat: this evaluation was run in-sample (model scored on rows it was fit on), not on a strictly held-out fold. The realistic held-out recall ceiling is 82.52% (see Threshold & Confusion Matrix sheet), not the 100% in-sample starting baseline used here.

Sheet Deployment Latency
B2: DEPLOYMENT SIGNAL — REAL API LATENCY
B4: Requests sent | C4: 300
B5: Decisions — FLAG | C5: 1
B6: Decisions — PASS | C6: 299
B7: Mean latency (ms) | C7: 1.5536379
B8: Median latency (ms) | C8: 1.4836435
B9: p95 latency (ms) | C9: 1.8347932
B10: p99 latency (ms) | C10: 2.2749772
B11: Max latency (ms) | C11: 6.666255
B13: Scope disclosure: real, local, non-containerized, single-instance measurement inside one cloud sandbox — not a network-realistic production deployment. Genuine signal, not the full Phase 5 Definition of Done.

Sheet All Metrics
B2: ALL METRICS — CONSOLIDATED, FILTERABLE (C-SUITE DRILL-DOWN)
B4: Category | C4: Metric | D4: Value | E4: Basis
B5: Dataset | C5: Rows | D5: 284807 | E5: MEASURED
B6: Dataset | C6: Fraud cases | D6: 492 | E6: MEASURED
B7: Dataset | C7: Fraud rate | D7: 0.1727% | E7: MEASURED
B8: Imbalance | C8: Winning strategy | D8: threshold moving | E8: MEASURED
B9: Stage A | C9: Champion candidate | D9: CatBoost | E9: MEASURED
B10: Stage A | C10: Runner-up candidate | D10: RandomForest | E10: MEASURED
B11: Stage B | C11: Champion mean CV PR-AUC | D11: 0.8482 | E11: MEASURED
B12: Stage B | C12: Runner-up mean CV PR-AUC | D12: 0.8448 | E12: MEASURED
B13: Validation | C13: Temporal-split PR-AUC | D13: 0.7692 | E13: MEASURED
B14: Threshold | C14: Cost-optimal threshold | D14: 0.0443 | E14: MEASURED
B15: Threshold | C15: Real precision (OOF) | D15: 69.64% | E15: MEASURED
B16: Threshold | C16: Real recall (OOF) | D16: 82.52% | E16: MEASURED
B17: Threshold | C17: Benchmark investigate flag | D17: True | E17: FLAGGED
B18: Financial | C18: Savings vs. no model (EUR) | D18: 199450.76 | E18: MEASURED
B19: Financial | C19: Savings vs. naive 0.5 (EUR) | D19: 7413.27 | E19: MEASURED
B20: Governance | C20: Gate 1 all checks passed | D20: True | E20: MEASURED
B21: Governance | C21: Projected stress-scenario loss (EUR) | D21: 260808.08 | E21: ASSUMPTION-based scenario
B22: Drift | C22: PSI V14 (early vs. late) | D22: 0.0783 | E22: MEASURED
B23: Robustness | C23: Boundary-search evasion rate | D23: 0.61% | E23: MEASURED, in-sample caveat
B24: Deployment | C24: Mean API latency (ms) | D24: 1.55 | E24: MEASURED, local proxy
